<manifest alg="2" build="2017.1.0.379" opt="true" iceEnabled="true" iceMarkupVersion="2" iceEnabledOptions="link,responsive,cachebuster,textStyling" exportTarget="other" domain="abc.com" resolutions="1x" timestamp="1506253925347">
  <folder name="css">
    <file name="site_global.css" crc="444006867"/>
    <file name="index.css" crc="3879653391" ref="index"/>
  </folder>
  <folder name="scripts">
    <file name="jquery-1.8.3.min.js" crc="209076791" ref="index"/>
    <file name="museutils.js" crc="17924269" ref="index"/>
    <file name="whatinput.js" crc="86476730" ref="index"/>
    <file name="museconfig.js" crc="278381782" ref="index"/>
    <file name="jquery.watch.js" crc="4240030481" ref="index"/>
    <file name="require.js" crc="3861931657" ref="index"/>
  </folder>
  <folder name="images">
    <file name="f2d9a9_63f3ad8d875d4c5ebf60a39718376bd4.png" crc="60475663" seo="true" ref="index">
      <caption webpage="index" alt=""/>
    </file>
    <file name="u110-6.png" crc="4006947821" ref="index"/>
    <file name="u126-24.png" crc="4217005128" ref="index"/>
    <file name="blank.gif" crc="4208392903" ref="index"/>
    <file name="u173.png" crc="91578157" ref="index"/>
    <file name="u173-r.png" crc="91578157" ref="index"/>
    <file name="u155-4.png" crc="4257173907" ref="index"/>
    <file name="u157-7.png" crc="428777526" ref="index"/>
    <file name="u232-4.png" crc="208801150" ref="index"/>
    <file name="u235-4.png" crc="3905616805" ref="index"/>
    <file name="u238-4.png" crc="381063437" ref="index"/>
    <file name="u211-4.png" crc="382989102" ref="index"/>
    <file name="u214-4.png" crc="4124172265" ref="index"/>
    <file name="u223-4.png" crc="443538513" ref="index"/>
    <file name="u287-4.png" crc="36675486" ref="index"/>
  </folder>
  <file name="index.html" crc="410653220" seo="true" mt="1506253899659" redirect="true"/>
</manifest>